start_time	end_time	duration	start_x	start_y	end_x	end_y	start_vdx	start_vdy	end_vdx	end_vdy
0.151842220453545	0.187839660386089	0.0359974399325438	911	631.4	531.2	600.8	6.21559633027523	2.66815642458101	-2.4954128440367	1.98435754189944
0.517816193052568	0.539814628544264	0.021998435491696	538.4	600.7	654.8	555	-2.33563218390805	1.98434004474273	0.34022988505747	0.961968680089485
0.845792867941782	0.86179173013079	0.0159988621890079	671.2	555.4	632.2	514.3	0.719723183391004	0.972004479283314	-0.17993079584775	0.0515117581187
1.75972787055071	1.9737126523396	0.213984781788895	670.7	492	684	344.2	0.701714285714287	-0.442477876106195	1.00571428571429	-3.71238938053097
3.72358820436057	3.73758720880141	0.0139990044408478	605.9	466.9	580.2	437.2	-0.784810126582279	-1.00782122905028	-1.37629459148446	-1.67150837988827
3.95357184836757	4.20355407008901	0.249982221721439	567.1	442.6	521.1	246.3	-1.66438356164384	-1.53200883002207	-2.71461187214612	-5.86534216335541
5.11148949936614	5.12748836155515	0.0159988621890079	572.5	428.3	608.2	474.5	-1.54994259471871	-1.86830357142857	-0.730195177956371	-0.837053571428572
6.92336064239498	7.21334001957439	0.289979377179407	661.5	500.4	622.5	269.3	0.494252873563218	-0.25749167591565	-0.402298850574713	-5.3873473917869
8.52324686138309	8.76322979424731	0.239982932864223	604.4	407.5	552	305.7	-0.813714285714286	-2.30939226519337	-2.01142857142857	-4.55911602209945
8.98721386489342	9.00321272708243	0.0159988621890079	588.9	403.6	651.8	415.4	-1.17067583046965	-2.40621531631521	0.27033218785796	-2.14428412874584
9.84715270760353	9.85915185426711	0.0119991466635838	592.1	394.6	563.6	387.9	-1.09988518943743	-2.61179087875417	-1.75430539609644	-2.76084538375973
10.3631160132354	10.5771007950243	0.213984781788895	557	373.6	630.1	280	-1.90366972477064	-3.06533776301218	-0.227064220183486	-5.13842746400886
11.2570524381008	11.2710514425416	0.0139990044408478	651.3	390.7	605.3	400.9	0.260668973471741	-2.70758928571429	-0.800461361014995	-2.47991071428571
11.855009912455	12.0489961165295	0.193986204074463	568.8	397.3	548.4	216.1	-1.62557077625571	-2.52921719955899	-2.09132420091324	-6.52480705622933
12.8229410749627	12.8309405060718	0.00799943110905588	563.5	348.2	582.6	352.2	-1.7545871559633	-3.63192904656319	-1.31651376146789	-3.54323725055432
14.0128564503393	14.0528536058264	0.0399971554870717	622	387.8	1057.8	508.9	-0.412371134020619	-2.76923076923077	9.57159221076747	-0.0691192865105914
14.6628102268151	14.9187920218683	0.255981795053231	1055.2	553.8	832.7	226.8	9.41496598639456	0.91767288693743	4.36961451247166	-6.26125137211855
15.2207705457113	15.2487685545348	0.0279980088234879	838.7	347.8	1022.4	443.5	4.52104664391354	-3.62072767364939	8.70079635949943	-1.51047409040794
15.9887159308128	16.0007150774472	0.01199914663448	1034.5	494.9	1006.9	483.7	8.97610921501706	-0.379578246392897	8.3481228668942	-0.62819089900111
16.324692036811	16.5686746852007	0.243982648389647	1015.9	498	567.6	247.1	8.51415628539071	-0.307692307692308	-1.63986409966025	-5.82197802197802
17.0306418309337	17.0466406931519	0.0159988622181118	593.7	405.3	609.7	475.3	-1.05707762557078	-2.36585365853659	-0.691780821917807	-0.813747228381374
18.050569295563	18.066568157752	0.0159988621890079	630	456.4	583.9	447.5	-0.228571428571429	-1.23281596452328	-1.28228571428571	-1.43015521064302
18.3165503794735	18.5825314633839	0.265981083910447	577.5	462.1	453.3	236	-1.41242937853107	-1.09309967141292	-4.21920903954802	-6.0460021905805
19.1264927778393	19.1444914978056	0.0179987199662719	518.3	442.6	576.4	485.9	-2.77220956719818	-1.53709856035437	-1.44874715261959	-0.578073089700997
21.3023380356899	21.6303147105791	0.327976674889214	637.3	464.5	555.5	286.7	-0.0613636363636374	-1.04510451045105	-1.92045454545455	-4.95709570957096
22.2522704782314	22.2702691981976	0.0179987199662719	564.1	427.1	634.3	470	-1.72892938496583	-1.8783185840708	-0.12984054669704	-0.929203539823009
22.838228805922	22.8502279525856	0.0119991466635838	644.6	467.4	676.4	484.2	0.105022831050229	-0.988913525498892	0.831050228310502	-0.616407982261641
23.4441857113852	23.6981676486612	0.253981937275967	669.4	495.6	597.9	314.4	0.667423382519863	-0.36083608360836	-0.955732122587969	-4.34763476347635
24.4981107581407	24.508110047027	0.00999928888631985	598	428.7	573.2	424.4	-0.953461975028377	-1.83480176211454	-1.51645856980704	-1.9295154185022
25.7840193066804	25.7940185955376	0.00999928885721602	637.8	415.5	614.1	418.2	-0.0501710376282793	-2.13495575221239	-0.590649942987457	-2.07522123893805
26.1999897236237	26.4359729409334	0.235983217309695	608.2	452.6	515.9	239.6	-0.71945701357466	-1.29978118161926	-2.80769230769231	-5.96061269146608
26.7379514647473	26.7539503269363	0.0159988621890079	564.7	344.5	630.5	374	-1.71136363636364	-3.68131868131868	-0.215909090909091	-3.03296703296703
28.0618573109969	28.0718565998541	0.00999928885721602	656.7	432.2	682.6	439	0.383027522935781	-1.77333333333333	0.977064220183487	-1.62222222222222
29.001790464652	29.3137682773522	0.311977812700206	707.8	433.2	557.7	225.2	1.54441913439635	-1.73186813186813	-1.874715261959	-6.3032967032967
30.2896988709399	30.3056977331289	0.0159988621890079	584.9	442	649.4	450.4	-1.26231386025201	-1.55728587319244	0.215349369988545	-1.37041156840934
30.6276748347154	30.8216610387608	0.193986204045359	704.9	447.6	612.2	297.4	1.48512585812357	-1.42477876106195	-0.636155606407322	-4.74778761061947
31.9195829565579	31.9295822454151	0.00999928885721602	597.4	440.3	574.3	435.1	-0.975945017182131	-1.59333333333333	-1.50515463917526	-1.70888888888889
33.5194691755751	33.749452819553	0.229983643977903	703.4	475.9	627.3	336.5	1.45579793340987	-0.801331853496116	-0.291618828932263	-3.89567147613762
34.1174266499293	34.171422809799	0.0539961598697118	648.4	396.9	1005.4	411.3	0.191780821917808	-2.54928017718715	8.34246575342466	-2.23034330011074
34.3494101516844	34.3694087293989	0.019998577714432	1014.6	423.7	1081.5	418.6	8.48471121177803	-1.95138121546961	10	-2.06408839779005
34.9093703283288	34.9893646392738	0.0799943109450396	1142.1	401.4	656.6	78.3	11.2704826038159	-2.39653304442037	0.372615039281706	-9.397616468039
35.0893575279624	35.1213552523404	0.0319977243780158	643.6	49.3	519.5	-81.1	0.0800000000000005	-9.71038824763903	-2.67777777777778	-12.4470094438615
35.2933430208941	35.3053421675286	0.01199914663448	516.8	-98.7	489.9	-129.4	-2.70175438596491	-12.5400410677618	-3.29166666666667	-13.170431211499
35.5853222558508	35.6013211180398	0.0159988621890079	479.1	-107.1	424.9	-139.7	-3.5092693565976	-12.6605316973415	-4.69138495092694	-13.3271983640082
36.0012926727941	36.0112919616513	0.00999928885721602	390.6	-103.2	398.5	-70.9	-5.43355119825708	-12.6454265159301	-5.26143790849673	-11.9815005138746
36.0332903971721	36.2692736144818	0.235983217309695	420.8	-69.9	427.8	-141.6	-4.78080697928026	-11.9364102564103	-4.62813522355507	-13.4071794871795
36.4172630897374	36.4272623785946	0.00999928885721602	446.9	-94.8	475.2	-98.4	-4.23001095290252	-12.4855967078189	-3.61007667031763	-12.559670781893
37.4111924032914	37.4191918344004	0.00799943110905588	457.7	-164.5	439	-171.1	-3.95874049945711	-13.7082066869301	-4.36482084690554	-13.8419452887538
37.6591747672355	37.6731737716473	0.013999004411744	435.2	-187.2	474.3	-153.6	-4.44733984799131	-14.1681864235056	-3.59826275787188	-13.4873353596758
37.9931510154565	38.1751380728674	0.181987057410879	500.2	-120.1	455.7	-108.7	-3.06243154435926	-12.9794661190965	-4.03723986856517	-12.7453798767967
38.7130998140201	38.8050932715996	0.0919934575795196	450.6	-130.4	546.5	741.9	-4.23240223463687	-13.7118463180363	-2.08938547486034	4.90715048025614
39.245061981841	39.2570611284755	0.01199914663448	513	703.5	485.1	710	-2.90285714285714	4.26978818283166	-3.54057142857143	4.41471571906354
39.9230137671402	40.6289635612629	0.705949794122716	454.6	660.4	568.1	859.6	-4.23287671232877	3.30144605116796	-1.64155251141552	7.73303670745273
40.6589614278637	41.6068940126279	0.947932584764203	-116.5	676.1	353.9	539.7	-16.286329386437	3.55194805194805	-6.15931108719053	0.599567099567101
42.2308496380574	42.2708467935154	0.0399971554579679	390.8	610.9	127.4	980.5	-5.50718232044199	2.15938864628821	-11.3281767955801	10.2292576419214
42.6508197705261	42.6608190594125	0.00999928888631985	125.3	919.8	110.1	942.4	-11.1166306695464	8.76989247311828	-11.4449244060475	9.25591397849462
43.5347569065343	43.5807536353241	0.0459967287897598	117.5	918	688.8	644.8	-11.6629464285714	8.93289328932893	1.08928571428571	2.92189218921892
43.9107301679906	43.9227293146541	0.0119991466635838	708.3	609.3	726.1	584.7	1.57736720554272	2.18161434977578	1.98845265588915	1.63004484304933
44.0847177943215	44.1007166565105	0.0159988621890079	723.6	554.7	683.7	518.3	1.92848904267589	0.956326987681972	1.0080738177624	0.141097424412093
44.5006882112648	44.5126873578993	0.01199914663448	635.7	514.8	608.4	503.2	-0.098964326812427	0.0625698324022336	-0.727272727272728	-0.196648044692738
45.9985816838162	46.2625629099493	0.263981226133183	657.2	520.7	632.6	311.1	0.395402298850576	0.193548387096775	-0.170114942528735	-4.46941045606229
46.7205303401279	46.7445286334259	0.0239982932980638	654.6	429.8	697.4	525.4	0.336793540945791	-1.83892617449664	1.32410611303345	0.299776286353467
47.0345080106054	47.0465071572398	0.01199914663448	663.2	554.2	635.5	537.8	0.537037037037038	0.948314606741574	-0.104166666666667	0.579775280898875
47.3324868188938	47.572469751758	0.239982932864223	629.1	553.6	536.5	320.6	-0.250863060989643	0.927536231884058	-2.38204833141542	-4.26755852842809
47.8304514045594	47.850449982303	0.0199985777435359	563.3	453.1	632.5	510.9	-1.76728110599078	-1.31767337807606	-0.172811059907834	-0.0246085011185687
48.0864331996127	48.1044319195789	0.0179987199662719	627	519.1	541.9	553.4	-0.299884659746251	0.159192825112108	-2.26297577854671	0.928251121076233
48.6323943718453	48.6503930918116	0.0179987199662719	560.8	522.5	625.7	466.6	-1.82698961937716	0.23489932885906	-0.329873125720876	-1.01565995525727
48.9863691977807	49.226352130645	0.239982932864223	658.6	456.4	602.9	236.3	0.427095292766935	-1.23008849557522	-0.851894374282435	-6.09955752212389
50.3362731950765	50.5722564123862	0.235983217309695	663	470.8	577.2	278.6	0.532407407407407	-0.919642857142857	-1.4537037037037	-5.20982142857143
51.2362091932737	51.2582076287945	0.0219984355207998	607.7	462.3	653.5	554.7	-0.753792298716452	-1.12443438914027	0.315052508751459	0.966063348416291
51.6801776190405	51.692176765675	0.01199914663448	635.2	559.7	606.5	567.9	-0.112412177985947	1.08409090909091	-0.784543325526932	1.27045454545454
52.058150738274	53.0220821852272	0.963931446953211	616.9	605.1	425.6	471.8	-0.540983606557378	2.12072892938497	-5.02107728337236	-0.915717539863325
53.3220608512929	53.3420594290365	0.0199985777435359	445.6	542.8	556.1	558.1	-4.54205607476635	0.699999999999999	-1.96028037383178	1.04772727272727
53.7400311260135	53.7560299882025	0.0159988621890079	600.3	533.8	661.1	558	-0.924330616996509	0.492655367231637	0.491268917345751	1.03954802259887
54.5539732399338	54.8199543238443	0.265981083910447	668.1	578.8	541.7	412	0.650462962962963	1.49775784753363	-2.27546296296296	-2.24215246636771
55.405912651564	55.4259112292784	0.019998577714432	579	513.2	502	504.6	-1.41203703703704	0.0269966254218233	-3.19444444444444	-0.166479190101237
56.0418674235989	56.0618660013424	0.0199985777435359	498.5	453.1	577.4	469.2	-3.26789838337182	-1.32062780269058	-1.44572748267898	-0.959641255605381
56.2458529165306	56.503834569332	0.257981652801391	608.9	522.3	553.5	369.5	-0.719075144508671	0.230425055928411	-2	-3.18791946308725
56.8598092530738	56.8718083997082	0.01199914663448	611.3	481.9	645.4	496.2	-0.665893271461718	-0.677165354330709	0.125290023201856	-0.355455568053993
57.6477532159188	57.6557526470278	0.00799943110905588	624.2	521.3	605.6	518.2	-0.366164542294321	0.208988764044943	-0.797219003476245	0.13932584269663
58.9716590621683	59.2536390082678	0.281979946099455	679	484.6	554.6	339	0.897583429228999	-0.60956618464961	-1.96547756041427	-3.84872080088988
59.9915865267685	60.5175491212867	0.525962594518205	548.9	456.8	536.7	290	-2.08705612829324	-1.22259136212625	-2.36655211912944	-4.91694352159468
60.8715239472222	60.8835230938566	0.01199914663448	572.5	415.4	542.7	425.1	-1.55350978135788	-2.15144766146993	-2.23935558112773	-1.93541202672606
62.0514400337415	62.0674388959305	0.0159988621890079	585	412	637.9	435.3	-1.26874279123414	-2.23214285714286	-0.048442906574395	-1.71205357142857
62.7013938102173	62.7133929568517	0.01199914663448	598.5	462.2	566.3	452.5	-0.957324106113033	-1.11284916201117	-1.70011534025375	-1.32960893854749
63.1073649382743	63.1213639427151	0.0139990044408478	564.5	468	603.4	469.9	-1.74163783160323	-0.984340044742729	-0.844290657439447	-0.941834451901566
63.7693178614136	63.7813170080481	0.01199914663448	634	456.3	605.4	452.2	-0.13840830449827	-1.24330357142857	-0.798154555940024	-1.33482142857143
63.9553046343499	64.4052726334485	0.44996799909859	596.6	485.9	520.9	396.8	-0.997701149425287	-0.581291759465479	-2.73793103448276	-2.56570155902004
64.449269504461	64.4612686511246	0.0119991466635838	541.2	405	579.1	416.9	-2.26865671641791	-2.37513873473918	-1.39839265212399	-2.11098779134295
65.5911882932996	65.6031874399341	0.01199914663448	605.9	466.4	566.9	463.4	-0.786620530565168	-1.01899441340782	-1.68627450980392	-1.08603351955307
66.0051588524657	66.2831390830106	0.277980230544927	569.6	497.1	610.1	346.9	-1.62586605080831	-0.332218506131549	-0.690531177829099	-3.68115942028986
67.2330715255521	67.479054031719	0.245982506166911	647.4	533	481.4	365.1	0.170310701956271	0.46875	-3.65017261219793	-3.27901785714286
67.8790255864733	67.9110233108513	0.0319977243780158	525.3	453.6	726.3	546.2	-2.65509259259259	-1.31088664421998	1.99768518518518	0.767676767676769
69.2169304371055	69.2269297259918	0.00999928888631985	643.6	536.7	618.8	538.3	0.0834298957126309	0.555056179775282	-0.491309385863269	0.591011235955055
69.6788975828385	69.6908967295021	0.0119991466635838	592.4	534.5	620.2	529.8	-1.10312862108922	0.50561797752809	-0.458864426419466	0.399999999999999
69.8668842135812	70.1928610306932	0.32597681711195	669.8	563.4	497.7	304	0.687427912341406	1.14604236343367	-3.28258362168397	-4.63768115942029
71.3787766905443	71.3927756949561	0.013999004411744	578.9	426.8	618.7	432.4	-1.41599073001159	-1.91031390134529	-0.493626882966395	-1.7847533632287
71.7587496675551	71.7667490986641	0.00799943110905588	640.1	465.3	621.3	463.3	0.00232558139534937	-1.0518018018018	-0.434883720930234	-1.09684684684685
72.5666922081436	72.982662625087	0.41597041694331	613.7	498.2	398.7	366.8	-0.604597701149424	-0.307692307692308	-5.54712643678161	-3.23745819397993
73.4906264996389	73.5066253618279	0.0159988621890079	431.2	428.8	481.5	439.2	-4.78899082568807	-1.85507246376812	-3.63532110091743	-1.6231884057971
73.8546006144607	73.8705994766497	0.0159988621890079	511.6	443.6	564	451.4	-2.96878612716763	-1.53191489361702	-1.75722543352601	-1.35722284434491
75.39249124247	75.7004693396157	0.307978097145678	584.5	443.6	478.5	344.2	-1.27733026467204	-1.52338530066815	-3.71691599539701	-3.73719376391982
75.8264603793796	75.8404593837913	0.013999004411744	494.9	377.2	542.2	386.2	-3.33947065592635	-2.99888765294772	-2.25086306098964	-2.79866518353726
76.2724286629236	76.6684005021234	0.395971839199774	587.4	447.6	812.5	383.1	-1.21618497109827	-1.4391061452514	3.98843930635838	-2.8804469273743
77.1743645188981	77.2003626699443	0.0259981510462239	818.2	409.3	652.5	434.7	4.12023121387283	-2.29497206703911	0.289017341040462	-1.72737430167598
77.9803072017094	77.9943062061211	0.013999004411744	658.8	427.6	620.6	444.5	0.434682080924854	-1.88603351955307	-0.448554913294797	-1.50837988826816
78.9002417776501	78.9142407820618	0.013999004411744	671.7	473.3	628	489.5	0.733796296296297	-0.867713004484305	-0.277777777777778	-0.504484304932735
79.1602232882287	79.4702012431517	0.309977954922942	605.2	499.5	511.5	267.3	-0.799999999999999	-0.277161862527716	-2.95402298850575	-5.42572062084257
79.9801649754518	79.998163695418	0.0179987199662719	559.6	425.2	609.2	456.6	-1.85895953757225	-1.94183445190157	-0.712138728323698	-1.23937360178971
80.3141412236728	80.7421107872797	0.427969563606894	627.8	554.3	518.6	460.6	-0.282080924855492	0.949494949494949	-2.80693641618497	-1.15375982042649
80.9080989825015	80.9160984135815	0.00799943107995205	563.7	472	583.5	476.5	-1.76416184971098	-0.896860986547085	-1.30635838150289	-0.795964125560538
82.6259768101445	82.8279624452989	0.201985635154415	198.8	289.7	410.5	341.2	-9.85921787709497	-4.84313725490196	-5.12849162011173	-3.72113289760349
83.3179275998555	83.3339264620445	0.0159988621890079	484.2	423.2	540.2	438.1	-3.57749712973594	-1.97772828507795	-2.29161882893226	-1.64587973273942
83.9438830830622	83.9538823719195	0.00999928885721602	635.9	469	661.9	469	-0.0947976878612722	-0.961968680089485	0.50635838150289	-0.961968680089485
84.7438261925417	84.7718242013943	0.0279980088525917	595.7	498.4	387.9	485.9	-1.01489117983963	-0.303232998885173	-5.77548682703322	-0.581939799331104
85.0338055697503	85.0558040052711	0.0219984355207998	372.8	481.5	464.9	484.4	-6.10045662100457	-0.677777777777778	-3.99771689497717	-0.613333333333334
85.5017722888151	85.755754226062	0.253981937246863	511.4	499.6	575.1	379.4	-2.95292766934558	-0.275862068965517	-1.4902411021814	-2.94994438264739
85.9297418523929	85.9497404301364	0.0199985777435359	592.6	448	663.9	464.5	-1.09468822170901	-1.43016759776536	0.551963048498845	-1.06145251396648
86.1277277719928	86.1457264919591	0.0179987199662719	696.7	488.1	755.1	493.1	1.3125	-0.535874439461883	2.66435185185185	-0.423766816143497
86.7796814062458	86.7916805528803	0.01199914663448	743.2	523.4	777.4	523.6	2.38888888888889	0.255605381165919	3.18055555555555	0.260089686098655
87.2256496897899	88.0855885325	0.859938842710108	786.6	513.8	649.4	346.9	3.38177623990773	0.0401785714285704	0.216839677047289	-3.68526785714286
88.6015518381319	88.6335495625099	0.0319977243780158	654.1	473.4	405.1	472.2	0.324137931034483	-0.861607142857143	-5.4	-0.888392857142857
89.8194652223319	89.8354640845209	0.0159988621890079	401.4	429.1	350.5	431.3	-5.45995423340961	-1.84427141268076	-6.62471395881007	-1.79532814238042
90.0534485818644	90.2854320836195	0.231983501755167	327	436.4	346.2	298.8	-7.105561861521	-1.66887417218543	-6.66969353007946	-4.70640176600442
90.4874177187739	90.5094161542947	0.0219984355207998	365.9	405.1	477.4	420.6	-6.2794959908362	-2.37819799777531	-3.72508591065292	-2.03337041156841
91.4433497346472	91.4593485968362	0.0159988621890079	528.2	455.5	587	463.7	-2.5909617612978	-1.2682379349046	-1.22827346465817	-1.08417508417508
91.7053311030031	91.7253296807467	0.0199985777435359	608.5	452.7	674.4	448.6	-0.732558139534884	-1.33258426966292	0.799999999999999	-1.42471910112359
91.9313150314265	92.2472925596812	0.315977528254734	727.6	497.7	668.9	355.5	2.03720930232558	-0.320987654320988	0.672093023255813	-3.51290684624018
92.3352863017353	92.3472854483698	0.01199914663448	650.3	420.9	618.5	424.7	0.239534883720929	-2.04719101123596	-0.5	-1.96179775280899
92.5312723635579	92.547271225747	0.0159988621890079	593.3	454.1	545.4	446.6	-1.08478513356562	-1.30258717660292	-2.19744483159117	-1.47131608548931
92.9852400782111	93.0012389404001	0.0159988621890079	528.8	474.4	482.3	468	-2.57407407407407	-0.84494382022472	-3.65046296296296	-0.98876404494382
93.6091957036115	93.6231947080232	0.013999004411744	452.9	456.4	405.4	445.9	-4.30114942528736	-1.24245810055866	-5.39310344827586	-1.47709497206704
93.8451789209212	94.0711628493445	0.225983928423375	385.1	469.8	392.4	346	-5.81963470319635	-0.937777777777777	-5.65296803652968	-3.68888888888889
94.9071033987857	94.9271019765292	0.0199985777435359	256.1	431.3	337.1	431.6	-8.66591422121896	-1.78342541436464	-6.83747178329571	-1.7767955801105
95.2170813537086	95.2310803581204	0.013999004411744	382.5	408.3	338.3	402.1	-5.85227272727273	-2.29678848283499	-6.85681818181818	-2.43410852713178
95.4130674155313	95.4670635754301	0.0539961598988157	325.2	393.9	432.4	21.2	-7.05829596412556	-2.54800431499461	-4.65470852017937	-10.588996763754
95.6050537618285	95.6270521973202	0.021998435491696	437.3	-1.6	462.9	-106.6	-4.48451327433628	-10.6777546777547	-3.91814159292035	-12.8607068607069
96.2950046937622	96.5229884799628	0.227983786200639	428.8	-131.6	101.9	1411.8	-4.54682454251884	-13.1079429735234	-11.5844994617869	18.3258655804481
96.7429728350835	96.9749563368387	0.231983501755167	428.8	-131.6	101.9	1411.8	-4.70378619153675	-13.4926624737945	-11.9844097995546	18.8637316561845
98.3268601919117	98.6288387157256	0.301978523813887	398.6	-115.5	487.3	392.9	-5.41255605381166	-13.3795309168444	-3.4237668161435	-2.53944562899787
98.7948269109474	98.8088259153883	0.0139990044408478	508.1	408.2	551.6	413.7	-3.03567318757192	-2.31438127090301	-2.03452243958573	-2.1917502787068
99.156801168021	99.6787640469556	0.521962878934573	636.8	488.4	594.6	437.1	-0.0740740740740751	-0.529147982062781	-1.05092592592593	-1.67937219730942
101.970601055684	102.256580717338	0.285979661653982	621.8	455.7	589.5	357.6	-0.419354838709678	-1.25389755011136	-1.16359447004608	-3.43875278396437
102.400570477039	102.416569339228	0.0159988621890079	572.3	334.1	620.7	354.9	-1.55453501722159	-3.94019933554817	-0.443168771526979	-3.47951273532669
103.54848883918	103.856466936326	0.307978097145678	595.9	447.8	565.9	373.2	-1.01495972382048	-1.42825361512792	-1.7054085155351	-3.08787541713014
104.14244659798	104.162445175723	0.0199985777435359	589.9	431.7	653.4	494	-1.15704387990762	-1.79642058165548	0.3094688221709	-0.402684563758389
104.442425264046	104.460423984012	0.0179987199662719	661.8	534.5	612.1	583.3	0.505800464037122	0.506756756756757	-0.647331786542923	1.60585585585585
105.248367946886	105.494350453053	0.245982506166911	593.5	537.2	590.8	535	-1.04966139954853	0.553238199780462	-1.11060948081264	0.504939626783754
105.648339501611	105.662338506052	0.0139990044408478	585.8	613.2	573.2	565.3	-1.2262443438914	2.22662266226623	-1.51131221719457	1.17271727172717
106.520277490985	106.538276210951	0.0179987199662719	585.3	553.1	652.7	553.1	-1.24177071509648	0.907284768211921	0.288308740068105	0.907284768211921
106.756260708295	106.770259712706	0.013999004411744	671	534.3	655.6	493.6	0.704545454545455	0.49173098125689	0.354545454545455	-0.405733186328555
106.916249330185	107.206228707393	0.28997937720851	658.1	506.1	654.7	293.2	0.409966024915063	-0.128961748633879	0.332955832389582	-4.78251366120219
108.26615332748	108.280152331892	0.013999004411744	651.5	481.3	611.1	475	0.264367816091954	-0.684503901895206	-0.664367816091954	-0.824972129319955
108.524134980282	108.738119762071	0.213984781788895	647.6	553.1	464.4	231.5	0.173318129988598	0.906284454244763	-4.00456100342075	-6.18522601984564
108.918106961704	108.940105397225	0.0219984355207998	474.7	347.5	597.4	382.5	-3.77397260273973	-3.6353591160221	-0.972602739726028	-2.86187845303867
109.146090747934	109.322078232013	0.175987484079087	614.1	412.5	121.7	316.4	-0.57877094972067	-2.17724288840263	-11.5821229050279	-4.2800875273523
109.456068702857	109.502065431647	0.0459967287897598	96.6	313.6	698.8	417.9	-12.1159420289855	-4.33661202185792	1.31103678929766	-2.0568306010929
109.8420412532	109.856040257611	0.013999004411744	693.2	454.1	676.9	490	1.22018348623853	-1.2880978865406	0.846330275229357	-0.489432703003337
110.094023332698	110.348005269945	0.253981937246863	670.8	520.7	598.5	332.2	0.706422018348623	0.193118756936738	-0.951834862385321	-3.99112097669256
112.207872999541	112.517850954464	0.309977954922942	593.1	477.3	506.2	273.4	-1.06712172923777	-0.76431718061674	-3.04436860068259	-5.25550660792952
112.861826491571	112.881825069315	0.0199985777435359	517.5	344.6	588.1	368.6	-2.7872582480091	-3.67912087912088	-1.18088737201365	-3.15164835164835
113.393788659392	113.401788090472	0.00799943107995205	608.2	423.9	599.7	443.4	-0.729357798165137	-1.95777777777778	-0.924311926605504	-1.52444444444444
114.009744853713	114.251727644325	0.241982790612383	655.5	470.7	582.7	231.3	0.354691075514874	-0.912707182320442	-1.31121281464531	-6.20331491712707
114.563705457025	114.57570460366	0.01199914663448	622	369.4	643.5	396.5	-0.412844036697248	-3.15836101882614	0.0802752293577982	-2.55813953488372
114.813687678747	114.821687109856	0.00799943110905588	627.3	421.1	607.8	419.2	-0.291284403669726	-2.02	-0.738532110091744	-2.06222222222222
117.467498944519	117.731480170653	0.263981226133183	628.8	510.1	576.4	287.5	-0.255416191562145	-0.0418963616317525	-1.45039908779932	-4.95038588754135
118.531423280161	118.54742214235	0.0159988621890079	585.5	428.4	631.5	449.9	-1.24571428571429	-1.8516057585825	-0.194285714285714	-1.37541528239203
119.089383599028	119.099382887915	0.00999928888631985	640.4	456.6	616.2	454.9	0.00915331807780268	-1.22974472807991	-0.54462242562929	-1.26748057713652
119.701340077794	119.961321588402	0.259981510607759	574.5	473.5	542.7	333.9	-1.49372862029647	-0.850828729281768	-2.21892816419612	-3.93591160220995
121.551208518533	121.771192873653	0.219984355120687	679.5	558.4	567.4	358.5	0.910138248847926	1.03687150837989	-1.67281105990783	-3.43016759776536
123.237088621798	123.26508663065	0.0279980088525917	606.9	572.1	621.3	793.2	-0.764434180138569	1.35056179775281	-0.43187066974596	6.31910112359551
124.199020210974	124.261015801982	0.0619955910078716	618.5	863.1	633.4	499.7	-0.496535796766744	7.86338185890258	-0.15242494226328	-0.275475923852184
124.692985081114	124.942967302835	0.249982221721439	676.9	497.4	585	329.8	0.849252013808975	-0.325167037861916	-1.26582278481013	-4.05790645879733
125.944896047469	125.964894625213	0.0199985777435359	607	464.1	656	564.8	-0.762124711316397	-1.07399103139013	0.369515011547344	1.18385650224215
126.114883958246	126.158880829258	0.0439968710124958	656.9	571.8	212.6	1064.1	0.38063063063063	1.31428571428571	-9.62612612612613	12.1340659340659
126.596849681722	126.614848401689	0.0179987199662719	223.1	1093.5	142.9	1091.2	-9.08278867102396	12.465166130761	-10.8300653594771	12.4158628081458
126.846831903444	127.352795920189	0.505964016745565	134	1113.6	619.9	609.8	-11.3072625698324	13.1785323110624	-0.449162011173185	2.14238773274918
128.254731776164	128.290729216096	0.0359974399325438	540.6	623.6	784.6	473.6	-2.2745995423341	2.48	3.30892448512586	-0.853333333333333
128.526712433406	128.54671101112	0.019998577714432	797	446.3	937.5	433.5	3.58447488584475	-1.45193370165746	6.79223744292238	-1.73480662983425
129.024677019072	129.044675596786	0.019998577714432	966.5	452.5	981.4	535.8	7.42045454545455	-1.31346578366446	7.75909090909091	0.525386313465783
129.346654120629	129.510642458074	0.163988337444607	953.9	581.6	982.8	493.6	7.1503416856492	1.54323725055432	7.80865603644647	-0.407982261640798
129.838619132992	129.858617710706	0.019998577714432	936.5	573.7	820.7	586.3	6.79266895761741	1.37263626251391	4.1397479954181	1.65294771968854
130.332584003103	130.352582580817	0.019998577714432	820.3	594	928	623.2	4.13058419243986	1.82628062360802	6.5979381443299	2.47661469933185
130.662560535769	130.670559966849	0.00799943107995205	943.7	634.6	966.6	639.2	6.95761741122566	2.73660714285714	7.48224513172967	2.83928571428572
131.122527823725	131.140526543692	0.0179987199662719	968.5	656.7	935.3	595.7	7.57785467128028	3.25168539325843	6.81199538638985	1.8808988764045
131.848476195592	132.072460266267	0.223984070675215	923.4	510.4	517.4	399.6	6.50746268656716	-0.0356744704570797	-2.81515499425947	-2.50613154960981
132.192451732699	132.210450452665	0.0179987199662719	553.6	464.9	643.9	478	-1.99078341013825	-1.05251396648045	0.0898617511520732	-0.759776536312849
133.482359996764	133.70634406741	0.223984070646111	647.6	612.4	610.3	433.7	0.175925925925926	2.2561797752809	-0.687500000000001	-1.75955056179775
133.872332262632	133.908329702565	0.0359974399325438	610.9	508.1	106.7	392.6	-0.650279329608939	-0.08590308370044	-11.9173184357542	-2.62995594713656
134.518286323553	134.52828561244	0.00999928888631985	56	350.9	38.8	372.9	-12.4653148345784	-3.44967880085653	-12.8324439701174	-2.97858672376874
134.730271247594	134.978253611538	0.247982363944175	34.6	406.3	146.8	608.4	-13.0755939524838	-2.28787878787879	-10.6522678185745	2.08658008658009
135.154241095617	135.166240242252	0.01199914663448	142	682.6	117.4	655.2	-10.8378672470076	3.72082878953108	-11.373231773667	3.12322791712105
135.546213219292	135.566211797006	0.019998577714432	84.4	658.1	135.1	766.4	-12.0390032502709	3.18300653594771	-10.9404117009751	5.54248366013072
136.176168418024	136.192167280213	0.0159988621890079	147.1	762	86	781.7	-10.7502726281352	5.47645125958379	-12.082878953108	5.90799561883899
136.442149501934	136.494145804027	0.0519963020924479	84	784.3	600.7	516.5	-12.4663677130045	6.04439511653718	-0.88116591928251	0.099889012208657
136.922115367634	137.132100433868	0.209985066234367	624.9	534.6	653.7	363.6	-0.349942062572422	0.507295173961841	0.317497103128622	-3.331088664422
139.919902170484	140.149885814462	0.229983643977903	599.2	481.2	557.2	379.9	-0.942263279445727	-0.689038031319911	-1.9122401847575	-2.95525727069351
140.605853386893	140.619852391304	0.013999004411744	579.8	422.5	611.8	446.2	-1.38869665513264	-2	-0.650519031141869	-1.47039106145251
141.169813279092	142.09174771278	0.921934433688875	609.1	502.6	1778.1	412.6	-0.655355249204665	-0.20150053590568	24.1378579003181	-2.13076098606645
142.627709596156	142.649708031648	0.021998435491696	609.1	502.6	1778.1	412.6	-0.603515625	-0.192622950819672	22.228515625	-2.03688524590164
142.711703622655	142.827695373533	0.115991750877583	429.8	699.3	498.9	370.9	-4.79908675799087	4.16685205784205	-3.22146118721461	-3.13904338153504
143.023681435356	143.041680155322	0.0179987199662719	519.7	340	594.4	354.3	-2.75286041189931	-3.80530973451327	-1.04347826086957	-3.48893805309734
144.223596099589	144.43558102363	0.211984924040735	597.4	438.1	556.9	350.4	-0.983833718244804	-1.65324384787472	-1.91916859122402	-3.61521252796421
146.015468664875	146.259451313294	0.243982648418751	636.3	483	569	300.6	-0.08574739281576	-0.650224215246637	-1.64542294322132	-4.73991031390134
146.913404805295	146.931403525261	0.0179987199662719	556.6	454.8	500	457	-1.92832369942196	-1.28395061728395	-3.23699421965318	-1.23456790123457
147.745345639181	147.765344216925	0.0199985777435359	476.2	448.5	555.4	462.6	-3.7698504027618	-1.42217245240761	-1.94706559263521	-1.1063829787234
149.361230720388	149.617212515412	0.255981795024127	599.8	471.8	482.8	413.7	-0.926267281105992	-0.899328859060402	-3.6221198156682	-2.19910514541387
150.127176247741	150.139175394375	0.01199914663448	589.2	498.6	618.3	518	-1.17728852838934	-0.301801801801801	-0.502896871378912	0.135135135135135
150.791129028628	150.81312746412	0.021998435491696	675.1	548.1	756.1	565.3	0.816279069767442	0.81489841986456	2.7	1.20316027088036
151.057110112539	151.073108974728	0.0159988621890079	776.1	554.8	730.2	556.4	3.16511627906977	0.966139954853272	2.09767441860465	1.00225733634311
151.405085365172	151.423084085138	0.0179987199662719	689.8	573.8	645.5	566.9	1.15679442508711	1.39503386004515	0.127758420441347	1.2392776523702
151.649068013561	151.917048955249	0.267980941687711	615.3	597.3	437.4	438.7	-0.568469505178367	1.91255605381166	-4.66283084004603	-1.64349775784753
153.060967601836	153.394943850057	0.333976248221006	600.2	556.3	530.9	468.2	-0.920231213872831	0.995505617977527	-2.52254335260116	-0.984269662921349
153.748918675992	153.762917680433	0.0139990044408478	483.8	480.3	518.7	482.7	-3.59080459770115	-0.70996640537514	-2.78850574712644	-0.656215005599104
153.988901608856	154.000900755491	0.01199914663448	550.6	530.1	579.5	529.7	-2.06705202312139	0.407199100112486	-1.39884393063584	0.39820022497188
155.72077844094	156.232742031018	0.511963590077357	816.1	585.7	741.9	606	4.0953488372093	1.66553672316384	2.36976744186046	2.12429378531073
156.26873947095	156.280738617585	0.01199914663448	760.4	554	766.8	482.3	2.79674796747967	0.947012401352875	2.94541231126597	-0.66967305524239
157.930621280917	157.942620427581	0.0119991466635838	779.6	552.9	756.5	538.6	3.25029103608848	0.924293785310734	2.71245634458673	0.601129943502825
159.860484032601	160.1424639787	0.281979946099455	437	733.7	616.1	413.9	-4.68281430219146	4.97643097643098	-0.551326412918108	-2.2020202020202
161.548363993643	162.208317059005	0.65995306536206	690.9	509.3	700.9	337.9	1.17960602549247	-0.0604703247480401	1.41135573580533	-3.89921612541993
163.662213660515	163.672212949372	0.00999928885721602	595	389.4	615.7	400.8	-1.03806228373702	-2.73355629877369	-0.560553633217992	-2.479375696767
163.966192042135	163.976191330992	0.00999928885721602	643.3	424.7	664.7	438.8	0.0763888888888878	-1.9552071668533	0.57175925925926	-1.63941769316909
164.456157196691	164.756135862757	0.299978666065726	669.2	509	621.2	402.1	0.675925925925927	-0.0672645739910314	-0.435185185185184	-2.46412556053812
167.167964337918	167.389948550786	0.221984212868847	665.5	538.1	551.6	426.7	0.590277777777778	0.586516853932585	-2.0462962962963	-1.91685393258427
168.019903749519	168.03390275393	0.013999004411744	585.4	474.5	619.4	493	-1.26242774566474	-0.841750841750842	-0.476300578034683	-0.42648709315376
168.299883837841	168.357879713294	0.0579958754533436	625.1	530.9	325.1	1077	-0.339021615472127	0.418141592920353	-7.16496018202503	12.5
168.473871464172	168.495869899692	0.0219984355207998	351.8	986.7	240.8	1010.9	-6.43303571428571	10.3873085339168	-8.91071428571429	10.9168490153173
168.769850414683	168.793848707981	0.0239982932980638	200.6	940.7	295.4	940	-9.77530589543938	9.40131578947368	-7.66629588431591	9.3859649122807
168.925839321048	175.005406953249	6.07956763220136	370.1	939.1	685.3	577.8	-6.19036697247706	9.54413407821229	1.03899082568807	1.47039106145251
176.929270131601	177.279245242011	0.349975110410014	867.2	626	796.8	527.6	5.28987194412107	2.57918552036199	3.65075669383003	0.352941176470589
177.367238984065	177.377238272922	0.00999928885721602	760.4	453	759.9	491.4	2.79674796747967	-1.3273340832396	2.78513356562137	-0.463442069741283
178.357168582064	178.749140705739	0.39197212367435	684	567.7	881.7	466.3	1.0244470314319	1.25733634311513	5.62747380675204	-1.03160270880361
179.207108135917	179.223106998106	0.0159988621890079	725.5	419.7	694.1	444.7	1.98837209302326	-2.07649043869516	1.25813953488372	-1.5140607424072
179.44109149545	179.451090784307	0.00999928885721602	598.7	478.2	577.5	472.4	-0.957126303592119	-0.760404949381328	-1.44843568945539	-0.890888638920135
180.023050107615	180.433020951226	0.409970843611518	602.5	454.8	641.6	633.1	-0.871080139372822	-1.29119638826185	0.0371660859465743	2.73363431151242
180.49101682668	180.52101469328	0.0299978666007519	657.9	533	698.5	382.2	0.416279069767441	0.472972972972973	1.36046511627907	-2.92342342342342
182.402880858368	182.432878724998	0.0299978666298557	633.8	529.4	631	522.5	-0.144186046511629	0.392776523702031	-0.209302325581395	0.237020316027088
182.468876164901	182.500873889308	0.0319977244071197	642	528.6	623.6	616.7	0.0465116279069767	0.375141242937854	-0.381395348837209	2.36610169491526
182.576868484699	182.588867631333	0.01199914663448	660.2	654.7	648.8	706.1	0.470862470862472	3.23582766439909	0.205128205128204	4.40136054421769
182.616865640157	185.118687715149	2.50182207499165	657.5	772.9	456.8	746.8	0.405092592592593	5.88275084554679	-4.24074074074074	5.29425028184893
185.144685866195	185.160684728384	0.0159988621890079	458.4	708.2	387.8	566.6	-4.15560640732265	4.39910313901345	-5.77116704805492	1.22421524663677
185.184683021682	185.196682168316	0.01199914663448	397.4	558.7	390.8	455.8	-5.52619589977221	1.04241071428572	-5.67653758542141	-1.25446428571429
185.240679039329	185.266677190404	0.0259981510753278	403.9	438.8	410.9	404.5	-5.37201365187713	-1.62486126526082	-5.2127417519909	-2.38623751387347
185.416666523437	185.434665243403	0.0179987199662719	420.5	417.5	499.9	435.9	-5.02288329519451	-2.10467706013363	-3.20594965675057	-1.69487750556793
185.664648887381	185.682647607347	0.0179987199662719	513.4	447.6	590.2	451.4	-2.9204152249135	-1.44232922732363	-1.14878892733564	-1.35722284434491
185.892632673582	185.908631535771	0.0159988621890079	594.7	464.1	636.9	446.8	-1.04982618771726	-1.07640449438202	-0.0718424101969878	-1.46516853932584
187.166542075458	187.378526999499	0.211984924040735	672.7	430.8	112.7	355.3	0.731543624161075	-1.78070175438596	-11.7964205816555	-3.43640350877193
187.690504812199	188.364456881944	0.673952069744701	123.7	396.1	574.3	377.2	-11.4988864142539	-2.53333333333333	-1.46325167037862	-2.94644808743169
188.588440952619	188.602439957031	0.013999004411744	611.9	388	653.6	408.7	-0.645235361653273	-2.75249722530522	0.312284730195178	-2.29300776914539
189.322388755565	189.576370692841	0.253981937275967	670.7	463	613.5	302.8	0.704936854190587	-1.08888888888889	-0.60849598163031	-4.64888888888889
190.890277250204	191.100262316439	0.209985066234367	624.4	472.7	540.1	304.6	-0.356571428571429	-0.869469026548673	-2.28342857142857	-4.58849557522124
191.832210261637	191.844209408271	0.01199914663448	600.4	448.9	627.5	460.9	-0.915606936416186	-1.41321388577828	-0.289017341040462	-1.1444568868981
192.592156215658	192.856137441791	0.263981226133183	631.1	447.8	435.3	295.6	-0.20389461626575	-1.42508324084351	-4.68957617411226	-4.80355160932297
193.096120374656	193.114119094622	0.0179987199662719	459.9	321.8	529.6	339.2	-4.11657142857143	-4.20796460176991	-2.52342857142857	-3.82300884955752
193.604084249178	193.612083680287	0.00799943110905588	588.8	430.3	572.6	443.8	-1.1824480369515	-1.83183856502242	-1.55658198614319	-1.52914798206278
193.984057226189	194.284035892255	0.299978666065726	593.7	473.6	507.1	323.7	-1.06559263521289	-0.856187290969899	-3.05868814729574	-4.1984392419175
194.416026505321	194.430025509762	0.0139990044408478	537.7	378.8	584.6	388.8	-2.35714285714286	-2.96989966555184	-1.27649769585253	-2.74693422519509
195.309962930216	195.951917275583	0.641954345366685	625.4	437.7	615.1	230	-0.336793540945791	-1.65111111111111	-0.57439446366782	-6.26666666666667
195.99991386215	196.013912866561	0.013999004411744	616.8	270.2	620	317.4	-0.533947065592636	-5.35548172757475	-0.46029919447641	-4.31007751937985
196.599871194281	196.609870483138	0.00999928885721602	556.8	484.1	534.9	481.1	-1.92369942196532	-0.626966292134831	-2.43005780346821	-0.69438202247191
198.415742052835	198.84571147419	0.429969421355054	683.7	523.9	730.7	389.3	1.0150987224158	0.26771653543307	2.1068524970964	-2.76040494938133
198.977702087257	198.991701091698	0.0139990044408478	695.5	459.2	658.4	452.4	1.28919860627178	-1.18918918918919	0.427409988385598	-1.34234234234234
200.533591435262	201.255540091573	0.721948656311724	634.6	471.2	702.4	808.3	-0.125290023201856	-0.918918918918919	1.44779582366589	6.67342342342342
202.569446648937	203.83735647751	1.26790982857347	688.3	438.8	588.2	522.2	1.11935110081112	-1.64494382022472	-1.20046349942062	0.229213483146068
204.363319071999	204.381317791966	0.0179987199662719	653.6	524.5	620.1	454.4	0.315179606025493	0.280898876404494	-0.461181923522595	-1.29438202247191
207.045128346595	207.279111706128	0.233983359532431	694.1	499.5	656.5	327.1	1.25667828106853	-0.280269058295964	0.383275261324042	-4.1457399103139
208.481026228168	208.72300901878	0.241982790612383	601.6	503.3	547.9	306.4	-0.89198606271777	-0.195067264573991	-2.13937282229965	-4.60986547085202
209.278969479899	209.288968768757	0.00999928885721602	591.6	410.9	615.9	426.6	-1.12558139534884	-2.27446569178853	-0.56046511627907	-1.92125984251968
210.264899362344	210.550879023998	0.285979661653982	648.7	473.2	552.8	279.5	0.200923787528869	-0.86510590858417	-2.01385681293303	-5.18394648829431
210.586876463931	210.598875610565	0.01199914663448	541.8	256.6	556.1	331.1	-2.25229357798165	-5.63796909492274	-1.9243119266055	-3.99337748344371
211.934780603449	213.274685311859	1.33990470840945	533	511.6	638.4	293.4	-2.46828143021915	-0.00891861761426928	-0.0369088811995392	-4.87402452619844
213.610661417828	213.628660137794	0.0179987199662719	535.2	409.5	517.5	485	-2.41196777905639	-2.29306487695749	-2.81933256616801	-0.604026845637584
214.344609220803	214.356608367467	0.0119991466635838	520	484.6	549.5	498	-2.7681660899654	-0.614349775784753	-2.0876585928489	-0.31390134529148
216.394463438919	216.616447651788	0.221984212868847	547.5	487.3	515.6	267.8	-2.13872832369942	-0.553191489361702	-2.87630057803468	-5.46920492721165
216.82043314472	216.836432006909	0.0159988621890079	535.7	352	601.9	372.7	-2.4199535962877	-3.59550561797753	-0.883990719257541	-3.13033707865169
217.798363596085	218.064344679995	0.265981083910447	642.2	453.6	590.8	334.7	0.0511627906976755	-1.31531531531531	-1.14418604651163	-3.99324324324324
218.180336430873	218.192335577507	0.01199914663448	612.6	361.1	644.9	365.8	-0.636469221835075	-3.38720538720539	0.113821138211382	-3.28170594837262
219.068273282435	219.076272713515	0.00799943107995205	662.6	462.9	679.3	461.9	0.525581395348838	-1.10585585585586	0.913953488372092	-1.12837837837838
219.772223218781	220.070202027069	0.297978808288462	694	456.1	671.5	324.5	1.25290023201856	-1.25336322869955	0.730858468677494	-4.20403587443946
220.886143998767	221.244118540257	0.357974541489966	677.5	506.3	635.7	450.5	0.876168224299065	-0.129251700680272	-0.100467289719625	-1.39455782312925
222.274045293743	222.933998359105	0.65995306536206	719.4	460.9	907.5	319	1.85081585081585	-1.1509009009009	6.23543123543124	-4.34684684684685
223.117985274293	223.129984420928	0.01199914663448	755.4	408.5	723.2	409.1	2.69626168224299	-2.33634311512415	1.94392523364486	-2.32279909706546
225.523814176093	225.857790424314	0.333976248221006	689.7	510.9	616.5	367.9	1.15715948777649	-0.0248027057497187	-0.547147846332945	-3.24915445321308
226.743727418099	227.303687594744	0.559960176644381	682	440.8	426.1	947.9	0.967741935483871	-1.5946248600224	-4.92857142857143	9.76259798432251
230.113487766881	230.351470841968	0.237983075086959	642.9	428.2	663.6	376.2	0.0668202764976953	-1.86636971046771	0.543778801843319	-3.02449888641425
231.505388777412	231.805367443478	0.299978666065726	675.5	473.9	843.2	355.6	0.817972350230415	-0.848552338530067	4.68202764976959	-3.48329621380846
231.927358767687	231.941357772099	0.013999004411744	839.2	418.1	876.3	429.3	4.58986175115207	-2.09598214285714	5.44470046082949	-1.84598214285714
232.529315957567	232.539315246453	0.00999928888631985	890.6	497.1	863.7	503	5.78752886836028	-0.334080717488789	5.16628175519631	-0.201793721973094
232.9912831033	233.613238870952	0.621955767652253	912	543.9	846.4	563.2	6.25287356321839	0.712849162011173	4.7448275862069	1.14413407821229
234.107203741063	234.851150832896	0.743947091832524	962.5	511.2	258	503.2	7.25534308211474	-0.0176600441501106	-8.59392575928009	-0.194260485651214
235.267121249839	235.963071755104	0.6959505052655	281.5	656.9	125	1252.4	-7.78501628664495	3.09284951974386	-11.1834961997828	15.803628601921
236.273049710057	236.285048856691	0.01199914663448	592.6	1019.7	547	1067.3	-1.07482993197279	11.1215772179628	-2.10884353741497	12.1642935377875
236.337045158813	236.345044589892	0.00799943107995205	552.3	1064.2	571.8	1044.2	-1.98640996602492	12.0699453551913	-1.54473386183466	11.6327868852459
236.525031789555	236.549030082824	0.02399829326896	552.8	1065.1	410.1	1222.8	-1.95078299776286	11.9074273412271	-5.14317673378076	15.302475780409
236.805011877877	236.817011024512	0.01199914663448	391.6	1251.7	344.4	1293.7	-5.45934065934066	15.5890410958904	-6.4967032967033	16.4741833508957
237.110990117246	237.134988410544	0.0239982932980638	327.5	1298.1	348.5	1295	-6.86059275521405	16.5320715036803	-6.39956092206367	16.4668769716088
237.246980445867	238.394898808008	1.14791836214135	382.6	1280.4	374.6	339.2	-5.77130044843049	16.6140540540541	-5.95067264573991	-3.73621621621622
238.884863962565	238.924861118052	0.0399971554870717	347.3	369.3	702.3	571.2	-6.72101033295063	-3.18882681564246	1.43053960964409	1.32290502793296
239.046852442261	239.056851731119	0.00999928885721602	688.8	633.4	655.1	629	1.13752913752914	2.74660633484163	0.351981351981352	2.64705882352941
240.208769808785	241.926647636457	1.71787782767205	675.3	550	626.7	386.9	0.808705612829323	0.844444444444444	-0.304696449026345	-2.78
242.4266120799	242.440611084312	0.013999004411744	605	514.3	605.4	466	-0.795454545454545	0.050828729281767	-0.786363636363637	-1.01657458563536
243.200557038333	243.216555900523	0.0159988621890079	614.8	370.5	679.5	396.6	-0.577319587628867	-3.13399778516058	0.904925544100802	-2.55592469545958
243.638525890798	249.630099780974	5.99157389017637	683.7	431.8	709.1	539.1	1.01274623406721	-1.80022446689113	1.60139049826188	0.608305274971942
249.680096225318	249.700094803033	0.019998577714432	716.3	648.1	607.4	662.5	1.79318448883666	3.11085714285714	-0.766157461809636	3.44
249.954076740309	250.110065646673	0.155988906364655	619.8	674.4	601.4	435.5	-0.470862470862472	3.67836919592299	-0.8997668997669	-1.73272933182333
250.498038054764	250.512037059176	0.013999004411744	686.5	448.6	659.6	479.5	1.06896551724138	-1.41517857142857	0.450574712643679	-0.725446428571429
251.14799183124	251.333978604205	0.185986772965407	683.5	496.1	622.7	348.5	0.994285714285714	-0.352159468438538	-0.39542857142857	-3.62126245847176
251.863940914249	251.877939918661	0.013999004411744	611.8	386.9	660.5	388.8	-0.643835616438357	-2.76158940397351	0.468036529680365	-2.719646799117
253.389832395624	253.401831542258	0.01199914663448	672.2	374.1	686.2	406.7	0.732650739476679	-3.03410341034103	1.05119453924915	-2.31683168316832
254.059784749843	254.321766118199	0.261981368355919	526.7	48.7	619.9	173.9	-2.51777777777778	-9.81567796610169	-0.446666666666667	-7.16313559322034
254.869727148209	254.885726010398	0.0159988621890079	672.1	376.9	691.8	439	0.732876712328768	-2.98233995584989	1.18264840182648	-1.61147902869757
255.341693582799	255.359692302765	0.0179987199662719	693.5	468.2	668.3	415.7	1.22565864833906	-0.972253052164262	0.648339060710194	-2.13762486126526
257.323552636604	257.54753670725	0.223984070646111	623.5	420.7	569.6	208.1	-0.375854214123007	-2.00439077936334	-1.60364464692483	-6.67178924259056
259.235416668322	259.251415530511	0.0159988621890079	647.1	410.7	695.8	464.2	0.164161849710983	-2.2662192393736	1.29017341040462	-1.06935123042506
259.423403299035	259.951365751331	0.527962452295469	710.8	507.1	671.8	420.7	1.64459930313589	-0.11036036036036	0.738675958188152	-2.05630630630631
260.217346835241	260.227346124098	0.00999928885721602	653.6	480.7	637.4	459.8	0.316279069767442	-0.705749718151071	-0.0604651162790703	-1.17700112739572
260.939295491553	260.951294638187	0.01199914663448	620.8	467.7	583.1	466.1	-0.443930635838151	-0.994388327721661	-1.31560693641618	-1.03030303030303
